w1,MCC
0.0,0.0
0.01,0.0
0.02,0.0
0.03,0.0
0.04,0.0
0.05,0.0
0.06,0.0
0.07,0.0
0.08,0.0
0.09,0.0
0.1,0.0
0.11,0.0
0.12,0.0
0.13,0.0
0.14,0.0
0.15,0.0
0.16,0.0
0.17,0.0
0.18,0.0
0.19,0.0
0.2,0.0
0.21,0.0
0.22,0.0
0.23,0.0
0.24,0.0
0.25,0.0
0.26,0.0
0.27,0.0
0.28,0.0
0.29,0.0
0.3,0.0
0.31,0.0
0.32,0.0
0.33,-0.0007019274357426554
0.34,-0.0007019274357426554
0.35000000000000003,-0.0007019274357426554
0.36,-0.0007019274357426554
0.37,0.00412312224582288
0.38,0.00412312224582288
0.39,0.00412312224582288
0.4,0.008950015198211031
0.41000000000000003,0.006337950162941227
0.42,0.0060471602554480735
0.43,0.009016319822943545
0.44,0.009016319822943545
0.45,0.009016319822943545
0.46,0.011015209824849657
0.47000000000000003,0.013267082624380078
0.48,0.012274076267646719
0.49,0.013772302177149776
0.5,0.01592131995406613
0.51,0.019538918410445395
0.52,0.02126254297838571
0.53,0.02081312749634775
0.54,0.021913521892907746
0.55,0.021913521892907746
0.56,0.024657415400169802
0.5700000000000001,0.03220661394435175
0.58,0.034542659075914424
0.59,0.0368886004929781
0.6,0.03665795980537734
0.61,0.03503082383361489
0.62,0.034834557668392045
0.63,0.03589429050533481
0.64,0.03480480296510556
0.65,0.03672210015678008
0.66,0.036652523668893516
0.67,0.038675657530103255
0.68,0.04020723710910861
0.6900000000000001,0.043403104496160215
0.7000000000000001,0.04561644613204528
0.71,0.047514672344268635
0.72,0.04916564368777519
0.73,0.05329976633190734
0.74,0.05502881845532477
0.75,0.05558003411535427
0.76,0.057586083386617706
0.77,0.06232331574457957
0.78,0.0636394515708085
0.79,0.06423435807281945
0.8,0.06451003909141032
0.81,0.0667260305359522
0.8200000000000001,0.06550801168679919
0.8300000000000001,0.06484588730429286
0.84,0.06859757788307401
0.85,0.07016080452873072
0.86,0.06957346044011956
0.87,0.06758435853436404
0.88,0.06753749773549898
0.89,0.06677328909213417
0.9,0.0677814263553497
0.91,0.06944328383722875
0.92,0.06920712919303193
0.93,0.0698885152887053
0.9400000000000001,0.07239030384581369
0.9500000000000001,0.07339508011443222
0.96,0.0728032381878081
0.97,0.0742709133832014
0.98,0.07597675294298167
0.99,0.07755043637769615
1.0,0.079523602664559
1.01,0.07919541985753022
1.02,0.08038302579200547
1.03,0.081931912901868
1.04,0.08344694343902158
1.05,0.084763522273375
1.06,0.08536459965057297
1.07,0.08665828450230026
1.08,0.0869195731945667
1.09,0.08857678925766206
1.1,0.08991568980004959
1.11,0.09158075079399608
1.12,0.09395943609730643
1.1300000000000001,0.09708477051606447
1.1400000000000001,0.09864365534572125
1.1500000000000001,0.10071784690603476
1.16,0.10293602669221351
1.17,0.10467602135258838
1.18,0.10639159328174222
1.19,0.10639543014903823
1.2,0.11027990434437976
1.21,0.11250852947204212
1.22,0.11328902189483628
1.23,0.11455292141369518
1.24,0.1157542219262268
1.25,0.11788710939885653
1.26,0.11802425071856508
1.27,0.12020001470714052
1.28,0.12225477727546345
1.29,0.12450230409128213
1.3,0.12582382753699264
1.31,0.12606539106025672
1.32,0.12638916328267652
1.33,0.12759183358661005
1.34,0.12741619413737496
1.35,0.12858034255349554
1.36,0.12950030140323562
1.37,0.13039769951279553
1.3800000000000001,0.12969177298739715
1.3900000000000001,0.1316619524827884
1.4000000000000001,0.13252260825175494
1.41,0.1332069234957405
1.42,0.13358667057889934
1.43,0.13554426271201767
1.44,0.13719319275266675
1.45,0.13905760520427327
1.46,0.1402676886343226
1.47,0.14031782705148454
1.48,0.14125318287489103
1.49,0.14011057420992312
1.5,0.14102168078122024
1.51,0.14368182515237923
1.52,0.14480012989566274
1.53,0.14581753738806008
1.54,0.14815232157215102
1.55,0.14899590043061042
1.56,0.14960822493170967
1.57,0.15049018295844907
1.58,0.15104087817891726
1.59,0.15298260335416886
1.6,0.1526413001064466
1.61,0.15362897848036655
1.62,0.15502068632363938
1.6300000000000001,0.15479945327996703
1.6400000000000001,0.15612765166851844
1.6500000000000001,0.15756194341720225
1.6600000000000001,0.15938995032751538
1.67,0.16010270730712156
1.68,0.15980097727384587
1.69,0.1600323642803381
1.7,0.1612801435257946
1.71,0.16126861497215073
1.72,0.16140939288583547
1.73,0.16166178181704371
1.74,0.16251501019381515
1.75,0.16337882514900093
1.76,0.16505724586816867
1.77,0.16600191721975632
1.78,0.16777881330163164
1.79,0.1675731170943498
1.8,0.1695503273852284
1.81,0.17078798037958903
1.82,0.17025192689792615
1.83,0.17007969132719478
1.84,0.17009916619248355
1.85,0.17104290459347002
1.86,0.17156288858401497
1.87,0.17264108723545699
1.8800000000000001,0.17324827378104463
1.8900000000000001,0.1754307875560867
1.9000000000000001,0.17494352037899014
1.9100000000000001,0.17512396719215745
1.92,0.17626730913143596
1.93,0.17505380275359128
1.94,0.174915656868061
1.95,0.17625319191484118
1.96,0.17678167990382604
1.97,0.1781265926008412
1.98,0.17924096974796172
1.99,0.18055981069883387
2.0,0.18131130367200535
2.0100000000000002,0.1824533108913586
2.02,0.18313706076378827
2.0300000000000002,0.18354945545100726
2.04,0.18474965796647347
2.05,0.1844913971365231
2.06,0.18492703826189558
2.07,0.1847440112721417
2.08,0.1858143145890023
2.09,0.18653288492420667
2.1,0.18695128731122518
2.11,0.18738126558243523
2.12,0.1880645660583715
2.13,0.18857084899268117
2.14,0.19004570066007137
2.15,0.19146780912435038
2.16,0.19166762159561443
2.17,0.19228193497105456
2.18,0.19348226953498687
2.19,0.1943457264235687
2.2,0.194395618849709
2.21,0.19466333976233124
2.22,0.19531381960964522
2.23,0.19572469130104858
2.24,0.19614441913345212
2.25,0.19588787171225688
2.2600000000000002,0.19604116814301595
2.27,0.1978047870648834
2.2800000000000002,0.19771667252846786
2.29,0.19780980824635935
2.3000000000000003,0.1983466714130902
2.31,0.19796754080628046
2.32,0.1969682455864677
2.33,0.19738362803413928
2.34,0.19862114530423677
2.35,0.19854162883496948
2.36,0.19856334195310155
2.37,0.20012409117415775
2.38,0.20027612675672107
2.39,0.19992928575286256
2.4,0.19977212192023788
2.41,0.20075929084854924
2.42,0.2022653079011591
2.43,0.2023453896113264
2.44,0.2016914858844757
2.45,0.20228535477938275
2.46,0.2021178735553836
2.47,0.20248351974523188
2.48,0.20313100485311458
2.49,0.20396147701834585
2.5,0.20415591940741767
2.5100000000000002,0.20412377164292175
2.52,0.20417967695362402
2.5300000000000002,0.2045266507341045
2.54,0.20460690594718073
2.5500000000000003,0.20464087785784485
2.56,0.20398111771521274
2.57,0.20539401269537766
2.58,0.20573460608749433
2.59,0.20602614880068842
2.6,0.2069658121353935
2.61,0.20787408642674388
2.62,0.2080686050678205
2.63,0.20847658724958046
2.64,0.20948544989716794
2.65,0.2107750414133594
2.66,0.2112187261877665
2.67,0.2122340780429543
2.68,0.21289207933660395
2.69,0.21351178416405844
2.7,0.21374799002160652
2.71,0.21366253217019357
2.72,0.2140268898206797
2.73,0.21540756853111756
2.74,0.21560681280192648
2.75,0.216353527591192
2.7600000000000002,0.21700846075412286
2.77,0.21737300068458526
2.7800000000000002,0.21675612098932756
2.79,0.21660522630386048
2.8000000000000003,0.21707058245065763
2.81,0.21783136114007906
2.82,0.2182344465421222
2.83,0.21832077476737455
2.84,0.2181375989549894
2.85,0.2184815269619778
2.86,0.2182297738828618
2.87,0.21803900988810518
2.88,0.21917140105330207
2.89,0.21881697771361236
2.9,0.219383126491047
2.91,0.22003306682057772
2.92,0.22027323646399305
2.93,0.2207853094868748
2.94,0.22088839435823499
2.95,0.22052392298401058
2.96,0.22090458147637165
2.97,0.2211820150049805
2.98,0.22156664356545336
2.99,0.22105775448975767
3.0,0.22163360708599078
3.0100000000000002,0.22241059769124671
3.02,0.22299836852588056
3.0300000000000002,0.22284806909473348
3.04,0.22319240532958068
3.0500000000000003,0.2238379493443628
3.06,0.22359770418955244
3.0700000000000003,0.22356163023780457
3.08,0.22397961999984287
3.09,0.22446165193667214
3.1,0.224667856897391
3.11,0.2248981068930759
3.12,0.225850972491336
3.13,0.2258949534607447
3.14,0.22604789460954322
3.15,0.22698819892844035
3.16,0.22731056302645536
3.17,0.22699180255132298
3.18,0.2268854998626737
3.19,0.22720896787302003
3.2,0.2275504066362101
3.21,0.22860246012765298
3.22,0.22878384967129145
3.23,0.22879633719817088
3.24,0.22905668784289962
3.25,0.22891403291226017
3.2600000000000002,0.22912294801260047
3.27,0.2292192062773392
3.2800000000000002,0.22878792868439096
3.29,0.22865492095152354
3.3000000000000003,0.22921752036024495
3.31,0.22929881113077472
3.3200000000000003,0.2295274670932328
3.33,0.230146494334814
3.34,0.22986190197640388
3.35,0.23009000949928987
3.36,0.23039099896381918
3.37,0.23048475838355204
3.38,0.23071489633530437
3.39,0.2304597406880046
3.4,0.23000147877577803
3.41,0.22997816239711094
3.42,0.23014503697282454
3.43,0.2292904708985995
3.44,0.2294735671053069
3.45,0.22991055153916892
3.46,0.2304074711304019
3.47,0.22991777723625256
3.48,0.22993822318770013
3.49,0.22984864768202815
3.5,0.23004114814267546
3.5100000000000002,0.23085336813490726
3.52,0.23108241678981445
3.5300000000000002,0.2317277978701565
3.54,0.23192642652799092
3.5500000000000003,0.23225958524519044
3.56,0.23323619132026865
3.5700000000000003,0.23334788779015891
3.58,0.2334372496803892
3.59,0.23346987965664406
3.6,0.23399628442005752
3.61,0.23480167396039703
3.62,0.234331101080208
3.63,0.23418463324570551
3.64,0.2341655467361349
3.65,0.23437182544738572
3.66,0.23380887778211115
3.67,0.23439847752884574
3.68,0.23471114090324238
3.69,0.2355459291234366
3.7,0.23564449649465885
3.71,0.23546722797537134
3.72,0.23654624520060824
3.73,0.23656915246542926
3.74,0.2366411480794574
3.75,0.2366338702034744
3.7600000000000002,0.23665903452001183
3.77,0.23698159077412032
3.7800000000000002,0.23720193001572318
3.79,0.23719713360773548
3.8000000000000003,0.23717887442816227
3.81,0.237114171797883
3.8200000000000003,0.2380862617868174
3.83,0.23895217844028194
3.84,0.23864244856604167
3.85,0.2385676342169702
3.86,0.2386836936938042
3.87,0.23950200442635686
3.88,0.23992158701726624
3.89,0.23956599372975051
3.9,0.23983211145290215
3.91,0.23980648394846799
3.92,0.23939465581451694
3.93,0.2397042369042511
3.94,0.2397537529688074
3.95,0.24005860078832314
3.96,0.23968629579680792
3.97,0.2405412058972963
3.98,0.24042791568578767
3.99,0.2398669465958881
4.0,0.23932195498729092
4.01,0.23938062021657808
4.0200000000000005,0.2389694729167034
4.03,0.23888876032001333
4.04,0.23842772258203376
4.05,0.23836608644518847
4.0600000000000005,0.2382684113454152
4.07,0.23879566280256576
4.08,0.23890246610801796
4.09,0.2391770811764319
4.1,0.23911891038678473
4.11,0.2390940095642974
4.12,0.23955054951366117
4.13,0.2393738402438054
4.14,0.2393114530145719
4.15,0.23901035911989416
4.16,0.23901950417221904
4.17,0.238738286355491
4.18,0.23933549790773778
4.19,0.2395855571018818
4.2,0.23907872209853057
4.21,0.23932815599366258
4.22,0.24011806605855224
4.23,0.2400186008528098
4.24,0.24005034346466797
4.25,0.24033632392611648
4.26,0.24048728986908202
4.2700000000000005,0.2407294195479548
4.28,0.24076118377222758
4.29,0.24028094662621075
4.3,0.24021357937273988
4.3100000000000005,0.24026380185648924
4.32,0.24063006598635028
4.33,0.24054996826301683
4.34,0.24016986613968833
4.3500000000000005,0.23969078877390887
4.36,0.23952655101392256
4.37,0.23962561133125965
4.38,0.23942230245019278
4.39,0.23919579742745278
4.4,0.23936697022751466
4.41,0.2398046161656414
4.42,0.24039155775607796
4.43,0.24035855337836046
4.44,0.2405829054692914
4.45,0.24133352245472883
4.46,0.24165952248512204
4.47,0.2417170475879713
4.48,0.24183365011446717
4.49,0.24282599459543994
4.5,0.24276468201072468
4.51,0.24320434994791024
4.5200000000000005,0.24348881688870358
4.53,0.24336463666462577
4.54,0.24365694403287338
4.55,0.2439902606612018
4.5600000000000005,0.2440326648653431
4.57,0.24416505479968187
4.58,0.24390055518749917
4.59,0.2439737594925468
4.6000000000000005,0.2439188973095438
4.61,0.24396538438945248
4.62,0.24442130218095307
4.63,0.24461401245183323
4.64,0.24450246478014342
4.65,0.24460805320574058
4.66,0.24424288942407907
4.67,0.2444914685158437
4.68,0.24458517870861227
4.69,0.24435658215516415
4.7,0.24412190017083674
4.71,0.2442866538611808
4.72,0.24390135711500016
4.73,0.24415188506363633
4.74,0.24395425812787433
4.75,0.24393010846653054
4.76,0.2441386964964971
4.7700000000000005,0.24382170009277737
4.78,0.24433872886338745
4.79,0.24404879149074987
4.8,0.24365368848403612
4.8100000000000005,0.24363680831920864
4.82,0.24383019232789066
4.83,0.24379937579216845
4.84,0.24380416141730432
4.8500000000000005,0.24397409294101627
4.86,0.24362235405208846
4.87,0.24346293679797465
4.88,0.24361733816986497
4.89,0.2438234820370972
4.9,0.24349648188111334
4.91,0.24365919625616989
4.92,0.24295838612694576
4.93,0.2433600592828217
4.94,0.2433545029566043
4.95,0.24316654247952085
4.96,0.24319066714821402
4.97,0.24343895452124875
4.98,0.24365870414238625
4.99,0.24419461438577295
5.0,0.2443319192409775
5.01,0.24385510248320377
5.0200000000000005,0.24380846829275007
5.03,0.24374432767280818
5.04,0.24346816707977054
5.05,0.24331500467310954
5.0600000000000005,0.24355130662629718
5.07,0.24380370744719762
5.08,0.24358754382161102
5.09,0.2439116617969091
5.1000000000000005,0.24416038884420468
5.11,0.24439498861931092
5.12,0.2441482988964085
5.13,0.2437472588824133
5.14,0.24441987205572507
5.15,0.2443073468135461
5.16,0.2443723294344239
5.17,0.2444575235881544
5.18,0.24436628085514595
5.19,0.24454952595101215
5.2,0.24437054781622006
5.21,0.24426509836156735
5.22,0.24370414571378732
5.23,0.24339002104396643
5.24,0.24340222929737387
5.25,0.24360417046037575
5.26,0.24358122831915163
5.2700000000000005,0.2433866838867312
5.28,0.2434212988868809
5.29,0.24340263499022008
5.3,0.24372095032535562
5.3100000000000005,0.24358563863286492
5.32,0.2435642225295736
5.33,0.24331790081063148
5.34,0.2431662611901635
5.3500000000000005,0.24314823703329863
5.36,0.24303611272532097
5.37,0.24290524901653615
5.38,0.24277479727722065
5.39,0.2429663275876235
5.4,0.24249808871230108
5.41,0.24231432021697752
5.42,0.24196322211337207
5.43,0.24172411301840077
5.44,0.24165853667221207
5.45,0.24191085125589992
5.46,0.2420120629648223
5.47,0.24226088480206948
5.48,0.2420818367634096
5.49,0.24205314662283053
5.5,0.24196938794714012
5.51,0.24192124258229114
5.5200000000000005,0.24195025320179037
5.53,0.2417548989412716
5.54,0.24133597800297343
5.55,0.2408802475489768
5.5600000000000005,0.24043126711127244
5.57,0.2404807170918458
5.58,0.24036793406653806
5.59,0.24021768982538078
5.6000000000000005,0.24010321678377528
5.61,0.2397702408019169
5.62,0.2396931150764811
5.63,0.23993595409034674
5.64,0.24015114402380103
5.65,0.23987313345190478
5.66,0.23933690850252054
5.67,0.23940696148725005
5.68,0.23944532114057654
5.69,0.23955921213167342
5.7,0.23947005701569202
5.71,0.23937058340517722
5.72,0.2390928726740765
5.73,0.23888119256641657
5.74,0.23890062722069408
5.75,0.23889511161118243
5.76,0.23849128595061297
5.7700000000000005,0.23868167587386022
5.78,0.2391206613477576
5.79,0.23934507998795906
5.8,0.23901898609733677
5.8100000000000005,0.23926800510788343
5.82,0.23926449376988698
5.83,0.23918142162038225
5.84,0.23941398950100817
5.8500000000000005,0.23970155968766238
5.86,0.2395505353947922
5.87,0.2391988906057878
5.88,0.23912056782075589
5.89,0.23911263703296068
5.9,0.23905022797136652
5.91,0.23877608653659746
5.92,0.23878513379818972
5.93,0.2385824178157184
5.94,0.23828195036587924
5.95,0.2381723981534239
5.96,0.2384190900199393
5.97,0.23805563767926943
5.98,0.23776388524616907
5.99,0.2373820533859318
6.0,0.2370410885542647
6.01,0.23731940165243487
6.0200000000000005,0.2374897975372753
6.03,0.23731261766182637
6.04,0.23711815488679355
6.05,0.23744504113106824
6.0600000000000005,0.2377832647096405
6.07,0.2378160664582054
6.08,0.237394788746216
6.09,0.23721776672418068
6.1000000000000005,0.23777425086776857
6.11,0.23805003595491714
6.12,0.23839264840753063
6.13,0.23871636302028745
6.140000000000001,0.23861030549807097
6.15,0.2386119631184397
6.16,0.23805867180711995
6.17,0.23846000689207725
6.18,0.2385690018792829
6.19,0.2386230948480069
6.2,0.23861026407245092
6.21,0.23867170252715536
6.22,0.2385274115655171
6.23,0.23867488169439272
6.24,0.23849798576601264
6.25,0.23870112579104905
6.26,0.2386823866184235
6.2700000000000005,0.23878899113575586
6.28,0.23888633509021898
6.29,0.2387957883849995
6.3,0.2388092328918437
6.3100000000000005,0.2383809484954546
6.32,0.23817486180405573
6.33,0.2379778187766862
6.34,0.23771537942218907
6.3500000000000005,0.2378493198297694
6.36,0.23817361388717578
6.37,0.23857280242451234
6.38,0.23868377669050478
6.390000000000001,0.23861409788223864
6.4,0.23866677856128576
6.41,0.23838279762757572
6.42,0.23828102913614785
6.43,0.23813786879136462
6.44,0.23788217448929086
6.45,0.2378645570799005
6.46,0.23794747676820607
6.47,0.2381772412262757
6.48,0.23827540727838747
6.49,0.2380620563849507
6.5,0.23774244776818546
6.51,0.23771194018172456
6.5200000000000005,0.23788689300035312
6.53,0.23808516004413569
6.54,0.23773068386502455
6.55,0.23792749261443707
6.5600000000000005,0.23776973661966974
6.57,0.2378306452333169
6.58,0.2378659174910261
6.59,0.2379608313586885
6.6000000000000005,0.23811308920826108
6.61,0.2378154601814968
6.62,0.23829141054713104
6.63,0.23779288608273733
6.640000000000001,0.23780988991242027
6.65,0.2382597218403709
6.66,0.23800644809838056
6.67,0.23774366529813692
6.68,0.23754423228111202
6.69,0.23744642383928666
6.7,0.23731171660061876
6.71,0.23745669770761452
6.72,0.23711803764402375
6.73,0.23703781253153475
6.74,0.23685691178392174
6.75,0.2369881569200601
6.76,0.23681337669621935
6.7700000000000005,0.23697556648726598
6.78,0.23670460540797697
6.79,0.23642237700895322
6.8,0.23604138923478968
6.8100000000000005,0.2361395300776675
6.82,0.23598750461447607
6.83,0.2359383696929643
6.84,0.23583088481509912
6.8500000000000005,0.23561937300149577
6.86,0.23566367999277876
6.87,0.2355140280871785
6.88,0.2352293996599732
6.890000000000001,0.23514844217930087
6.9,0.2351214172810036
6.91,0.23497328891753702
6.92,0.23476101604696362
6.93,0.23482065613991515
6.94,0.2347489842995186
6.95,0.23470526892468824
6.96,0.23454051455802244
6.97,0.2347249513917559
6.98,0.23421847655302036
6.99,0.23420918877603647
7.0,0.23400605396845892
7.01,0.23383170467744402
7.0200000000000005,0.23363950029170005
7.03,0.23331406035632543
7.04,0.23352805712003577
7.05,0.23309809335919404
7.0600000000000005,0.23282344586850448
7.07,0.2325777939922339
7.08,0.23261659604685364
7.09,0.23254840635298132
7.1000000000000005,0.23248171734206746
7.11,0.23265431008363463
7.12,0.23240869124992442
7.13,0.23238819115227397
7.140000000000001,0.2322921873715545
7.15,0.23218123737481386
7.16,0.23236962426371574
7.17,0.23205198173532365
7.18,0.23207829763874202
7.19,0.2317457259434082
7.2,0.23153446882289747
7.21,0.23132211158435045
7.22,0.23091854233470963
7.23,0.23094545156198384
7.24,0.23100384481895592
7.25,0.23094190426576766
7.26,0.2306441251776116
7.2700000000000005,0.23129604299172155
7.28,0.23113093195178203
7.29,0.23102676738884537
7.3,0.23089259596042844
7.3100000000000005,0.2310271348932337
7.32,0.23083480846452825
7.33,0.23076133968637355
7.34,0.23071761643095706
7.3500000000000005,0.23070299593030658
7.36,0.2303937019650557
7.37,0.23042447598384813
7.38,0.2305589959143597
7.390000000000001,0.2305761084862293
7.4,0.2306373746067067
7.41,0.23059588049634452
7.42,0.2305832469304438
7.43,0.23061607144388913
7.44,0.2307076630345569
7.45,0.2308007959817083
7.46,0.23070092521723717
7.47,0.23065973819465224
7.48,0.23044193656030193
7.49,0.23040092152289443
7.5,0.23043508866651496
7.51,0.23024796168000833
7.5200000000000005,0.23015096434464288
7.53,0.23043626736495643
7.54,0.23010402085392875
7.55,0.2296709146931144
7.5600000000000005,0.22963653601464026
7.57,0.2292874499951038
7.58,0.22914557922247672
7.59,0.22906208502421982
7.6000000000000005,0.2288784088714982
7.61,0.22872502466815234
7.62,0.22836508822577195
7.63,0.22857905491372552
7.640000000000001,0.22891158357262867
7.65,0.22860019459102787
7.66,0.22843600805377728
7.67,0.2281256157923639
7.68,0.22828410317393408
7.69,0.2281639139192435
7.7,0.2280762236128607
7.71,0.22811791500658152
7.72,0.22806853678306868
7.73,0.22809344308875973
7.74,0.22824140017672798
7.75,0.22841322035719638
7.76,0.2282793640920738
7.7700000000000005,0.22813069826377053
7.78,0.22795659722875591
7.79,0.2280778327038197
7.8,0.22827051199200907
7.8100000000000005,0.22797485402262177
7.82,0.22784263232605134
7.83,0.2280016073758196
7.84,0.22797227032251993
7.8500000000000005,0.2276530333783751
7.86,0.22746198132699705
7.87,0.22749040166132306
7.88,0.22766798756422993
7.890000000000001,0.22745280371771695
7.9,0.22747835877694947
7.91,0.22739451814363826
7.92,0.22715881036672267
7.930000000000001,0.22723539158218947
7.94,0.22712054866092277
7.95,0.2270947658666027
7.96,0.22704078099038322
7.97,0.2270714772213501
7.98,0.22679921581146298
7.99,0.22698409259071833
8.0,0.22701581453923195
8.01,0.2275325316961257
8.02,0.22728904677660683
8.03,0.22710621452477248
8.040000000000001,0.2267661152927302
8.05,0.22657971347539885
8.06,0.22662700159752275
8.07,0.2264365060742703
8.08,0.22670240370956946
8.09,0.22674926333921483
8.1,0.2264706381142238
8.11,0.22643526558249966
8.120000000000001,0.2262038639943677
8.13,0.2263490845911377
8.14,0.22642506235901635
8.15,0.22625991162218187
8.16,0.22669017999892369
8.17,0.22655424067750413
8.18,0.22632962372269477
8.19,0.2262288012925664
8.2,0.22625075471883668
8.21,0.22623090542678334
8.22,0.226095004044351
8.23,0.22609464794712278
8.24,0.22578886044494562
8.25,0.22566283751577826
8.26,0.22588231459131922
8.27,0.22596669308194506
8.28,0.22578605905484617
8.290000000000001,0.22559786588426228
8.3,0.2255939875474217
8.31,0.22548270606014933
8.32,0.22552063030812505
8.33,0.2254430882828237
8.34,0.22519542813380333
8.35,0.22528922933969114
8.36,0.22517097265083086
8.370000000000001,0.22488267740801118
8.38,0.224677307819997
8.39,0.22436929707402564
8.4,0.22444999975108582
8.41,0.22412933542286634
8.42,0.22410160522602482
8.43,0.22385606300233193
8.44,0.22405356205039642
8.45,0.22382930146289626
8.46,0.22388398842465537
8.47,0.22357786988893147
8.48,0.22370803277680879
8.49,0.22355928308454837
8.5,0.22358085556126478
8.51,0.223384581560774
8.52,0.22351473658961524
8.53,0.22335330458657662
8.540000000000001,0.22353879205165045
8.55,0.22313360291621218
8.56,0.22298034263027544
8.57,0.22298300288743422
8.58,0.2227145104791663
8.59,0.2226700892343149
8.6,0.22259849888235025
8.61,0.22228363138795415
8.620000000000001,0.22211636350360903
8.63,0.22213365233088175
8.64,0.22183236056083908
8.65,0.2217421828681093
8.66,0.22161909903925486
8.67,0.2218421500296361
8.68,0.22194177177928415
8.69,0.22185924373073193
8.700000000000001,0.22179033102767196
8.71,0.22167321243569832
8.72,0.22173316152844413
8.73,0.22189538551138152
8.74,0.22195555604338074
8.75,0.221607355319408
8.76,0.22147728374162307
8.77,0.22138701940985578
8.78,0.22107441945397993
8.790000000000001,0.22091799918418653
8.8,0.22083759352177829
8.81,0.22059331356971473
8.82,0.22073015770335674
8.83,0.22081840649716217
8.84,0.22087600892110354
8.85,0.2207033467503489
8.86,0.22066345524551623
8.870000000000001,0.22050861531765467
8.88,0.22040334192980437
8.89,0.22047966028498217
8.9,0.2205423195725383
8.91,0.22057941123815925
8.92,0.22041235332533451
8.93,0.22010922836911995
8.94,0.22037622855930894
8.950000000000001,0.220161317597388
8.96,0.22010133437780288
8.97,0.21976780671991242
8.98,0.2196912561562931
8.99,0.21957466140875787
9.0,0.21952405005197856
9.01,0.21941116885129727
9.02,0.2193973421072309
9.03,0.2193740199585775
9.040000000000001,0.21943979086090523
9.05,0.21952780486314194
9.06,0.21963282798051414
9.07,0.2199387579985736
9.08,0.2197225210662399
9.09,0.2199142690216925
9.1,0.21962646435189132
9.11,0.21957735003365259
9.120000000000001,0.21927613632373594
9.13,0.21908671447580605
9.14,0.2192194564020963
9.15,0.2189790255057671
9.16,0.218944969936448
9.17,0.21883618382995929
9.18,0.21889108871063848
9.19,0.21888352828823376
9.200000000000001,0.2189006359104984
9.21,0.21861219799765713
9.22,0.21858090188919674
9.23,0.21863651915955606
9.24,0.2185802452291082
9.25,0.21844541260543
9.26,0.21840055915715126
9.27,0.21860866103539184
9.28,0.21876881905656198
9.290000000000001,0.21877330898015698
9.3,0.2188433676114998
9.31,0.21871018420057475
9.32,0.21897185016882972
9.33,0.21869879078623247
9.34,0.21900946033168403
9.35,0.21899075485349656
9.36,0.21898533526903044
9.370000000000001,0.21868749588623002
9.38,0.21887354744198134
9.39,0.21872885115115476
9.4,0.21883824317881112
9.41,0.21877027758869297
9.42,0.21880439529054696
9.43,0.2185844353453486
9.44,0.21863254332142282
9.450000000000001,0.21837405585998315
9.46,0.2182691231161087
9.47,0.21830386645340924
9.48,0.2181352636357617
9.49,0.21810635405436737
9.5,0.2179528423671963
9.51,0.21781161349443998
9.52,0.21751533020353908
9.53,0.21746189479538564
9.540000000000001,0.2172310145944239
9.55,0.2170881301331291
9.56,0.21700999362199389
9.57,0.21698337303431542
9.58,0.21695573230756032
9.59,0.21682698255933172
9.6,0.21658388305855122
9.61,0.21685046584646064
9.620000000000001,0.21673577780697184
9.63,0.21659533082454385
9.64,0.21653211932359478
9.65,0.21648010018101066
9.66,0.21617582707376978
9.67,0.21597316617320708
9.68,0.21594781453435824
9.69,0.21575797819364576
9.700000000000001,0.21561792200168392
9.71,0.21564330085088676
9.72,0.2153388892370393
9.73,0.21517584751503066
9.74,0.21503801143267168
9.75,0.21505206863204526
9.76,0.21501563297755716
9.77,0.2151310246337895
9.78,0.21493079423295022
9.790000000000001,0.21455283624654262
9.8,0.21452837159572188
9.81,0.21445391444139122
9.82,0.2143660479067356
9.83,0.214446092485059
9.84,0.21447367626453503
9.85,0.2144508390653764
9.86,0.21431271943482413
9.870000000000001,0.2141748582235774
9.88,0.21392413761177748
9.89,0.21406753792468697
9.9,0.2138802060607941
9.91,0.21366841301082803
9.92,0.21335335155283572
9.93,0.21330752749501056
9.94,0.21340081457435806
9.950000000000001,0.21308703890869812
9.96,0.2129514410512575
9.97,0.21280445348664143
9.98,0.2127978370986013
9.99,0.21276320258203132
10.0,0.21287206395847047
10.01,0.2128899338569668
10.02,0.21274181785452356
10.03,0.2127331404179745
10.040000000000001,0.21248897871922184
10.05,0.21241776767261872
10.06,0.21223521155363523
10.07,0.21220167199704937
10.08,0.21195446666484008
10.09,0.21192303119475117
10.1,0.21191700373247685
10.11,0.21163081155556482
10.120000000000001,0.21143393243812084
10.13,0.21127482249369245
10.14,0.21134471411326486
10.15,0.21124791188868625
10.16,0.2111652355808986
10.17,0.2111086601741799
10.18,0.2111705967899477
10.19,0.211141127235906
10.200000000000001,0.21091940094850967
10.21,0.2107535426013752
10.22,0.21070014774117157
10.23,0.21043953711195562
10.24,0.21042411635512592
10.25,0.21048276886010667
10.26,0.21049173687399575
10.27,0.21063961814802848
10.28,0.21055929092131853
10.290000000000001,0.2104622653703529
10.3,0.2101520989693578
10.31,0.2099297129943185
10.32,0.20972636745147089
10.33,0.20959661579893188
10.34,0.2097937371629195
10.35,0.20971901277665558
10.36,0.20951374505105508
10.370000000000001,0.20944703506900714
10.38,0.20935560167426334
10.39,0.2094912538637598
10.4,0.20961287874043827
10.41,0.2099800554047976
10.42,0.21008441880622417
10.43,0.21009412585738274
10.44,0.20989650712016691
10.450000000000001,0.20984182053581107
10.46,0.20963318358014268
10.47,0.2094040719659939
10.48,0.20902326456126014
10.49,0.20925941709254384
10.5,0.209378548929321
10.51,0.20925956952050054
10.52,0.20920681543324435
10.53,0.20882581717657614
10.540000000000001,0.20870720977061516
10.55,0.20847036308700484
10.56,0.20839346491920557
10.57,0.20825474833018975
10.58,0.20794864623717507
10.59,0.20775776643547866
10.6,0.20762820682804112
10.61,0.2073710200367293
10.620000000000001,0.20753822949309977
10.63,0.2075923231068547
10.64,0.20749861375926448
10.65,0.20725950770307344
10.66,0.20714692187185343
10.67,0.20692020944676015
10.68,0.2067459131576615
10.69,0.20673616508343978
10.700000000000001,0.20652121706645926
10.71,0.20635539958923702
10.72,0.20636964833261215
10.73,0.20616699080164574
10.74,0.20598924537308488
10.75,0.2060228675237398
10.76,0.2060491011759175
10.77,0.20601558375012266
10.78,0.20574130456153528
10.790000000000001,0.2054798152530272
10.8,0.20548226302660488
10.81,0.2054863369979978
10.82,0.20539428441144852
10.83,0.20530784454182488
10.84,0.20542774307865969
10.85,0.20559481943150643
10.86,0.20553304840141196
10.870000000000001,0.20553815636051592
10.88,0.205616656066442
10.89,0.20579685636858097
10.9,0.2057059602433391
10.91,0.2056329646744764
10.92,0.20537905951001006
10.93,0.205203293455065
10.94,0.20545664368786193
10.950000000000001,0.20579515501546314
10.96,0.205505782280733
10.97,0.20546372119630507
10.98,0.2054943703199606
10.99,0.205464749634834
11.0,0.2055498906478396
11.01,0.20526671193604334
11.02,0.20514094284990078
11.03,0.20505168582630104
11.040000000000001,0.20513693618775442
11.05,0.20532605477024418
11.06,0.20531453616271417
11.07,0.20510962419477022
11.08,0.20499513484673998
11.09,0.20488169388860436
11.1,0.20487754909538558
11.11,0.20472871044409763
11.120000000000001,0.20469445053325336
11.13,0.20453359529953846
11.14,0.20461355565053027
11.15,0.20446452154491848
11.16,0.20445034993477487
11.17,0.20448358405279127
11.18,0.20465549921420148
11.19,0.20443921557935094
11.200000000000001,0.20446589195482395
11.21,0.20447045958542837
11.22,0.20430237611002502
11.23,0.2042557026835933
11.24,0.2040163600145129
11.25,0.20382064877821104
11.26,0.20361793443203835
11.27,0.20349359664272973
11.28,0.20345336628461216
11.290000000000001,0.20359542918583542
11.3,0.20345983662770029
11.31,0.20352892741548118
11.32,0.2036904884399889
11.33,0.20363840203271028
11.34,0.20341909612353856
11.35,0.20347890309094746
11.36,0.20348331284609067
11.370000000000001,0.20331689992353982
11.38,0.20297151992043588
11.39,0.2027769166612694
11.4,0.20270895579354464
11.41,0.2024706483995417
11.42,0.2023583019038851
11.43,0.20220002250472474
11.44,0.20204137856995347
11.450000000000001,0.2020297568916607
11.46,0.20202950617721607
11.47,0.20183958878267666
11.48,0.20182030836250192
11.49,0.20189301670307894
11.5,0.20159595378728334
11.51,0.20154930353864192
11.52,0.20154104376134047
11.53,0.2015889809660692
11.540000000000001,0.20141894877178323
11.55,0.201296645246616
11.56,0.20109518425658252
11.57,0.20108460224262675
11.58,0.2009751971194828
11.59,0.20079342409171758
11.6,0.200567936191634
11.61,0.20033051257670187
11.620000000000001,0.20023307518023734
11.63,0.20012366629533615
11.64,0.20013047325278627
11.65,0.19990561432772846
11.66,0.1996768851341302
11.67,0.19973991162735957
11.68,0.19982669273895165
11.69,0.19975028755408414
11.700000000000001,0.1994782873197599
11.71,0.19933422293659095
11.72,0.19918928103854477
11.73,0.19904354291630313
11.74,0.19896809001351337
11.75,0.1987314188813472
11.76,0.19861060880427078
11.77,0.1985367569612687
11.78,0.1984273478263788
11.790000000000001,0.19856148177421168
11.8,0.19859217440589877
11.81,0.1984487178089968
11.82,0.1984918259864367
11.83,0.19854605351546964
11.84,0.19847342399893197
11.85,0.19871089752015278
11.86,0.19863850957008114
11.870000000000001,0.19864715273258282
11.88,0.19863117366547894
11.89,0.19865009781875473
11.9,0.1984620599756181
11.91,0.198456506945843
11.92,0.19842834850716082
11.93,0.19826220634250613
11.94,0.19803846096714833
11.950000000000001,0.19794091438716005
11.96,0.19799649199492667
11.97,0.19815388684188456
11.98,0.19825484698756463
11.99,0.19814829655416177
12.0,0.19809858993375834
12.01,0.19801420326726643
12.02,0.19806963880022604
12.030000000000001,0.1980423467391764
12.040000000000001,0.1977962753041085
12.05,0.1978045856614623
12.06,0.19774325485422722
12.07,0.19750886883118937
12.08,0.1972509159919339
12.09,0.1972822837667733
12.1,0.19739539842526588
12.11,0.1973812553746616
12.120000000000001,0.19729873770941547
12.13,0.19716832090509623
12.14,0.19709433072323884
12.15,0.19688344018218604
12.16,0.19676498471946108
12.17,0.19678536311406644
12.18,0.19687460905867454
12.19,0.19693179630030672
12.200000000000001,0.19691914768550156
12.21,0.196775976578274
12.22,0.19685703049654407
12.23,0.19682070345721164
12.24,0.19665658124928106
12.25,0.19668992806779903
12.26,0.1965023974443878
12.27,0.19654702412425448
12.280000000000001,0.1963721767174887
12.290000000000001,0.1963592936985737
12.3,0.19613657333941759
12.31,0.195961017373876
12.32,0.19582044477074956
12.33,0.19563381773539437
12.34,0.19536511947546703
12.35,0.1951787071217766
12.36,0.19495744234854623
12.370000000000001,0.1948293807347538
12.38,0.1948293914447904
12.39,0.19472434208984654
12.4,0.1945967925459458
12.41,0.19473731797219226
12.42,0.19483105724799302
12.43,0.19467891045790442
12.44,0.19445667661541371
12.450000000000001,0.19431707014151417
12.46,0.19420107513109536
12.47,0.19406153602157938
12.48,0.19406071306124956
12.49,0.1938164918560969
12.5,0.19364244395148628
12.51,0.19378312542390724
12.52,0.19390971188285905
12.530000000000001,0.19378312276024476
12.540000000000001,0.1937726345044562
12.55,0.19369224691708212
12.56,0.19343666105636048
12.57,0.19335648637114736
12.58,0.1934041618635728
12.59,0.19332297349440825
12.6,0.19311411476901333
12.61,0.19323150757867155
12.620000000000001,0.19319734469650987
12.63,0.19323328178783256
12.64,0.19322386186703186
12.65,0.193119781290997
12.66,0.19296888239380683
12.67,0.19286584940059728
12.68,0.19293687787086683
12.69,0.19296056801796255
12.700000000000001,0.1929161925431033
12.71,0.19287089523311232
12.72,0.19288482502617343
12.73,0.1926300982317603
12.74,0.19271458493054436
12.75,0.19267034682399733
12.76,0.19261410976449944
12.77,0.19241728350101187
12.780000000000001,0.19226828933844675
12.790000000000001,0.1921077857711845
12.8,0.19215738980488525
12.81,0.19207679879810785
12.82,0.19201069622622247
12.83,0.19202515640535409
12.84,0.1919210147218125
12.85,0.19179488909499573
12.86,0.19161009494098416
12.870000000000001,0.19147336494926587
12.88,0.19130022274188976
12.89,0.19124437083430565
12.9,0.19108301931953345
12.91,0.19107597210058191
12.92,0.19103328836252603
12.93,0.19100209162164863
12.94,0.1909719480341748
12.950000000000001,0.19085882059109338
12.96,0.1906856981994453
12.97,0.19047720119978603
12.98,0.19039755437379477
12.99,0.19021263433255262
13.0,0.19020386178143195
13.01,0.19018550839122259
13.02,0.19003500738169926
13.030000000000001,0.18985095278436057
13.040000000000001,0.18964373527667353
13.05,0.18957556402113038
13.06,0.18941587166188817
13.07,0.18962869809570662
13.08,0.1895845697291214
13.09,0.1895644707305405
13.1,0.1893685726482785
13.11,0.18957351868833863
13.120000000000001,0.18943593546052157
13.13,0.18927436581235438
13.14,0.1891504591375253
13.15,0.18895498362369506
13.16,0.1890895572039568
13.17,0.18889360059890414
13.18,0.18880370178177952
13.19,0.18861930953752545
13.200000000000001,0.1884237758746961
13.21,0.18820852552541906
13.22,0.18807035060598837
13.23,0.18784084988366367
13.24,0.18806904678021114
13.25,0.18803677222278192
13.26,0.188137295207684
13.27,0.18803405978426868
13.280000000000001,0.1881081105123505
13.290000000000001,0.18807743684654174
13.3,0.188023118504417
13.31,0.1879229016592157
13.32,0.18823705349386433
13.33,0.18810419058968525
13.34,0.1880156087438712
13.35,0.18796398842568424
13.36,0.187920602614249
13.370000000000001,0.18795033348952664
13.38,0.1876853974559077
13.39,0.18756186860949073
13.4,0.18754578095884075
13.41,0.1874312789740598
13.42,0.18749719909568566
13.43,0.18793969703264862
13.44,0.1879580848745999
13.450000000000001,0.18796515785527473
13.46,0.18778165126934693
13.47,0.18751798364567968
13.48,0.18746506152317544
13.49,0.18721397734062634
13.5,0.18730222346856135
13.51,0.18740244720724053
13.52,0.18721953257362106
13.530000000000001,0.18715482575337297
13.540000000000001,0.18721250645218931
13.55,0.18702995846726264
13.56,0.1872788917377481
13.57,0.1872595614439701
13.58,0.18699664297778829
13.59,0.18685993016675498
13.6,0.18670416339745333
13.61,0.18668480425359468
13.620000000000001,0.18668801826945317
13.63,0.1868259310684194
13.64,0.18684201643992418
13.65,0.1867048481811642
13.66,0.18692261282914188
13.67,0.18693133032983678
13.68,0.1870093635519386
13.69,0.18701715385476023
13.700000000000001,0.18698770627585146
13.71,0.18696920359246555
13.72,0.18703419913681266
13.73,0.18691996072123168
13.74,0.18723757070831498
13.75,0.1871490682262506
13.76,0.18686372013196942
13.77,0.18677630644568605
13.780000000000001,0.1868484062608234
13.790000000000001,0.18673973145374448
13.8,0.18692577560324744
13.81,0.1868498748455799
13.82,0.18672475716033604
13.83,0.18676167397955595
13.84,0.18670976350197785
13.85,0.18684384953907934
13.86,0.18713053034529828
13.870000000000001,0.18692629528073884
13.88,0.18695992819041596
13.89,0.1867892013860066
13.9,0.186607205084015
13.91,0.18660105169771016
13.92,0.1864431644973256
13.93,0.18670269828277158
13.94,0.186616482166218
13.950000000000001,0.18650326980816972
13.96,0.1867280967668874
13.97,0.18682425781118295
13.98,0.18668723073620136
13.99,0.18666324196488318
14.0,0.18662368012401356
14.01,0.18670400665937928
14.02,0.1869293708444214
14.030000000000001,0.18669108944206192
14.040000000000001,0.18656598584712283
14.05,0.1865157245766041
14.06,0.18633437471495298
14.07,0.1862488659411687
14.08,0.186117652303975
14.09,0.1861123968370562
14.1,0.1859312176975522
14.11,0.18590331437925406
14.120000000000001,0.18581730741803118
14.13,0.1856362586477744
14.14,0.18572794873662454
14.15,0.18571183970288552
14.16,0.1856485041781905
14.17,0.18564383989935274
14.18,0.18542845221442036
14.19,0.18532063431748586
14.200000000000001,0.18539636799495463
14.21,0.1855262628237167
14.22,0.1853904427719834
14.23,0.1854150171081163
14.24,0.18528554846879203
14.25,0.1854516469230753
14.26,0.18548742411181712
14.27,0.1855447806013632
14.280000000000001,0.18541482875684795
14.290000000000001,0.18522255247610722
14.3,0.18521834667006698
14.31,0.18524379245549077
14.32,0.18530152875291725
14.33,0.18545701331800962
14.34,0.18554991406410376
14.35,0.1855302334828548
14.36,0.1856746315204107
14.370000000000001,0.1854602772555352
14.38,0.18527987352421527
14.39,0.1851784963990621
14.4,0.18499809747980442
14.41,0.184936117644583
14.42,0.18488757161245656
14.43,0.1848496214822084
14.44,0.18467945464629396
14.450000000000001,0.1845556090636481
14.46,0.18463723275011007
14.47,0.18449023361558908
14.48,0.18447526084139476
14.49,0.18451327350320046
14.5,0.18457333160632633
14.51,0.18454767463116628
14.52,0.1844978776140112
14.530000000000001,0.18472856002601193
14.540000000000001,0.18467979984916102
14.55,0.18460097952651594
14.56,0.18461475559195473
14.57,0.1846625721942878
14.58,0.18467720568761545
14.59,0.18466248607713237
14.6,0.18454537603255788
14.61,0.18441060409022403
14.620000000000001,0.1842412397556544
14.63,0.18410068246800443
14.64,0.18394373512178283
14.65,0.18392542863218803
14.66,0.18418212392473854
14.67,0.18413342883000833
14.68,0.18398684511064597
14.69,0.1837623765886573
14.700000000000001,0.1837137112133567
14.71,0.18370849641709688
14.72,0.18364868793671826
14.73,0.1836445482428957
14.74,0.18350983797428144
14.75,0.18367066531148438
14.76,0.18379549163187353
14.77,0.1838437349758042
14.780000000000001,0.18365302527056707
14.790000000000001,0.18352552847070408
14.8,0.1837650695332519
14.81,0.18381441711478733
14.82,0.18380033076057595
14.83,0.18375247333039976
14.84,0.18386939474468567
14.85,0.18374361847902165
14.86,0.18362717582074337
14.870000000000001,0.18344789130393108
14.88,0.18334691603974276
14.89,0.18336516896762486
14.9,0.18326444516015303
14.91,0.1831289757405995
14.92,0.18313796458576106
14.93,0.18301190102092618
14.94,0.18280975656916504
14.950000000000001,0.1827400162216622
14.96,0.18292050933093582
14.97,0.1829068973206615
14.98,0.18269295137864
14.99,0.18267952445006336
15.0,0.1826537187217486
15.01,0.1825191173237763
15.02,0.1824835011563362
15.030000000000001,0.18241341824914709
15.040000000000001,0.1822565286467658
15.05,0.1820542994372423
15.06,0.182170319101919
15.07,0.18195665882059953
15.08,0.1819978979608985
15.09,0.18182966438212628
15.1,0.1815825453213244
15.11,0.18144759906297744
15.120000000000001,0.1813131514185614
15.13,0.1813001751297167
15.14,0.18117682633464785
15.15,0.181118410638792
15.16,0.18114662534804712
15.17,0.18101217905858463
15.18,0.18100885582631548
15.19,0.1810809938356986
15.200000000000001,0.18102352663326776
15.21,0.18087746141789002
15.22,0.1807278431517832
15.23,0.18053746002751273
15.24,0.1804137891040531
15.25,0.1802786834064035
15.26,0.18013007280662352
15.27,0.17995075499763682
15.280000000000001,0.1798500937548448
15.290000000000001,0.17968149035969033
15.3,0.1795131833162194
15.31,0.17944423898766174
15.32,0.1793968911586428
15.33,0.17927285158148115
15.34,0.17927200646545643
15.35,0.17929346559449708
15.36,0.1792684786456719
15.370000000000001,0.17916711249359288
15.38,0.17914350444376342
15.39,0.17909613429000487
15.4,0.17916254838632
15.41,0.1791391739172532
15.42,0.17899387003274736
15.43,0.17878063230613878
15.44,0.17860173524147221
15.450000000000001,0.17850018114728922
15.46,0.17835412162529646
15.47,0.17824168120666847
15.48,0.17816265384800906
15.49,0.1781058856628644
15.5,0.17797094159171492
15.51,0.17797980328920524
15.52,0.17790131077139348
15.530000000000001,0.17794517879281027
15.540000000000001,0.17775498585780053
15.55,0.17762052740121154
15.56,0.17759703541519878
15.57,0.17756303222272385
15.58,0.17749566844005923
15.59,0.1775406810028341
15.6,0.17746030436732255
15.610000000000001,0.17743753310139038
15.620000000000001,0.17750225114240395
15.63,0.1775020242311802
15.64,0.17766991264600512
15.65,0.17759100844980177
15.66,0.17742321172984232
15.67,0.17729990967551185
15.68,0.177187898927002
15.69,0.1769753862759895
15.700000000000001,0.1769283561271599
15.71,0.17679423193509933
15.72,0.17671402461387214
15.73,0.1766920887553615
15.74,0.1766903851346806
15.75,0.1766569612676278
15.76,0.17655635327872216
15.77,0.1766692413846845
15.780000000000001,0.17642307443981017
15.790000000000001,0.17639009459826965
15.8,0.17619899053986435
15.81,0.17603115729207203
15.82,0.17596249647666728
15.83,0.17581726733365272
15.84,0.17561602904017573
15.85,0.17544857828478966
15.860000000000001,0.17527987524879088
15.870000000000001,0.17532341195073167
15.88,0.1751551935752962
15.89,0.17504301127272692
15.9,0.17495306445591488
15.91,0.17497645295118305
15.92,0.1749304831819463
15.93,0.1748522295417851
15.94,0.17485263996457207
15.950000000000001,0.17477527696677045
15.96,0.17462981488149776
15.97,0.17456395248285209
15.98,0.1746211847051239
15.99,0.17455372865848257
16.0,0.17449843159925055
16.01,0.17450031751812886
16.02,0.17451252693463912
16.03,0.17455956718120386
16.04,0.17487830984447938
16.05,0.17492464578369168
16.06,0.17475650869295972
16.07,0.1748032997613013
16.080000000000002,0.17478223126859144
16.09,0.17484103652743826
16.1,0.17484206730677984
16.11,0.17477629053861976
16.12,0.17475306600902604
16.13,0.17477626344167035
16.14,0.17500606696276927
16.15,0.17500730643703827
16.16,0.17486220283343823
16.17,0.17484150258653094
16.18,0.17468536104201476
16.19,0.17470872790578817
16.2,0.17456424368629858
16.21,0.17455464434011497
16.22,0.17443156464489376
16.23,0.17438854581824975
16.240000000000002,0.17434554720192588
16.25,0.17416665527441202
16.26,0.17410191736373654
16.27,0.1740815171598967
16.28,0.17394724504529538
16.29,0.17380196955207572
16.3,0.1737905502826747
16.31,0.1736679975955361
16.32,0.17346624477148942
16.330000000000002,0.17353778636373535
16.34,0.1733476295887312
16.35,0.17319063296609735
16.36,0.17315982818681006
16.37,0.17305905860344867
16.38,0.17296963320703454
16.39,0.17283489809293595
16.4,0.17272323589186964
16.41,0.17258828673684204
16.42,0.17257931004922136
16.43,0.17249015171901833
16.44,0.1723670076984431
16.45,0.17238112192477448
16.46,0.1722583168059722
16.47,0.1721577280448992
16.48,0.17201216301468775
16.490000000000002,0.17187787220534903
16.5,0.17197186389338154
16.51,0.1718269411343036
16.52,0.1717822356156335
16.53,0.17177314293193818
16.54,0.17168365717598733
16.55,0.17160566970004898
16.56,0.1715964461675257
16.57,0.17145093996185784
16.580000000000002,0.17139756902710818
16.59,0.17131936646094073
16.6,0.1713420664771248
16.61,0.17127496992674673
16.62,0.17123325030659758
16.63,0.1713398323621999
16.64,0.17124102585832654
16.65,0.17110679893680417
16.66,0.17091677659138782
16.67,0.17086352014358352
16.68,0.1707408220566334
16.69,0.17066276404422634
16.7,0.17050593184963425
16.71,0.1705312275126578
16.72,0.1706154161220361
16.73,0.1704929574338398
16.740000000000002,0.1703914582941574
16.75,0.17024584073629356
16.76,0.17020465695265924
16.77,0.17030028267874653
16.78,0.1701884431480623
16.79,0.17005407324367922
16.8,0.1699197472126796
16.81,0.16988957457492654
16.82,0.1697661749640854
16.830000000000002,0.16969119687745954
16.84,0.16971698657444875
16.85,0.16956026736356183
16.86,0.16947075145261037
16.87,0.16940759167074035
16.88,0.16930675207987417
16.89,0.1691496040647019
16.9,0.16895945095522646
16.91,0.1688363613054535
16.92,0.1687690161079321
16.93,0.16861248517749855
16.94,0.16867186313686006
16.95,0.16855971381278437
16.96,0.16853907836856083
16.97,0.16839353452287686
16.98,0.1683723813169382
16.990000000000002,0.16822600887705344
17.0,0.16814774531578924
17.01,0.16808194954269123
17.02,0.168042159977806
17.03,0.16800100974094087
17.04,0.1679115403355363
17.05,0.16793740494642825
17.06,0.1678813749733665
17.07,0.16802094876897522
17.080000000000002,0.16785307547151215
17.09,0.16793938784251708
17.1,0.16781605207306302
17.11,0.16772807843247442
17.12,0.16758209799724952
17.13,0.16756356803190006
17.14,0.16747342386503425
17.150000000000002,0.16741740363770252
17.16,0.16731630460548746
17.17,0.16725321654612577
17.18,0.16724635441396235
17.19,0.16714565403020593
17.2,0.16718723301971572
17.21,0.16706404688802107
17.22,0.16692952629358399
17.23,0.1669090904158928
17.240000000000002,0.16706808139078402
17.25,0.16688886812785805
17.26,0.166931246651136
17.27,0.16704071401684167
17.28,0.1669888229506275
17.29,0.1668548529506913
17.3,0.16674275254176915
17.31,0.1667800372981513
17.32,0.16675116249944966
17.330000000000002,0.16662829578151034
17.34,0.1664605558723906
17.35,0.16645400034635321
17.36,0.16638651568432525
17.37,0.16635818215600193
17.38,0.16622390199772377
17.39,0.16620656958307917
17.400000000000002,0.16606137895876424
17.41,0.16596087448818744
17.42,0.1658490131515654
17.43,0.16571473455173355
17.44,0.16571955193139482
17.45,0.16561885819867733
17.46,0.16548426795391485
17.47,0.16545581313178798
17.48,0.1653883821205931
17.490000000000002,0.16524273156070723
17.5,0.1651754094448466
17.51,0.16502989235351823
17.52,0.1649172808099187
17.53,0.1648053867443107
17.54,0.16477672742740337
17.55,0.16470915276759535
17.56,0.16492547198911406
17.57,0.1651323180885162
17.580000000000002,0.1651687303870007
17.59,0.1653504365746507
17.6,0.1651371527545356
17.61,0.16503627533497328
17.62,0.1650414065645855
17.63,0.1649403828924992
17.64,0.16495784210833753
17.650000000000002,0.16494080462447328
17.66,0.16499136109218887
17.67,0.16498576440784668
17.68,0.1648287189971444
17.69,0.16467228928250863
17.7,0.1646886245546615
17.71,0.16457672657800462
17.72,0.1644423854830497
17.73,0.16466419276111638
17.740000000000002,0.1644960157600434
17.75,0.16440637758099663
17.76,0.16433939863057634
17.77,0.16423856698331724
17.78,0.16404804575335435
17.79,0.16408804047056916
17.8,0.16394253165343747
17.81,0.16387795557603718
17.82,0.163810777766884
17.830000000000002,0.16386792088436974
17.84,0.1639188497174255
17.85,0.1638295162141877
17.86,0.16369554523185575
17.87,0.1637833330316432
17.88,0.16368814839377782
17.89,0.16359819477190182
17.900000000000002,0.16359279211818456
17.91,0.16362134548484686
17.92,0.16381928139614313
17.93,0.16381407565098766
17.94,0.16374654721289178
17.95,0.16373080286918762
17.96,0.1639718116888024
17.97,0.16388164184004583
17.98,0.1639588026152318
17.990000000000002,0.163931957109846
18.0,0.16387614592891603
18.01,0.16383140723340697
18.02,0.1636854910752183
18.03,0.16357350401697573
18.04,0.16343913666812102
18.05,0.1632939595208383
18.06,0.16330071873504765
18.07,0.16317772678730813
18.080000000000002,0.16311029548842904
18.09,0.1629640064351996
18.1,0.1628407362556231
18.11,0.1628671359581072
18.12,0.162698730585384
18.13,0.1626827867692579
18.14,0.1624916959939999
18.150000000000002,0.1623345799244092
18.16,0.16229004616834802
18.17,0.16226398599508393
18.18,0.16223672371286804
18.19,0.16222026607333284
18.2,0.16220466685581147
18.21,0.16216695762742936
18.22,0.1620771661681914
18.23,0.16199401338047134
18.240000000000002,0.16193773495709013
18.25,0.1618591790851363
18.26,0.16190842993365423
18.27,0.1617628024055322
18.28,0.16177002711567004
18.29,0.1616466631053119
18.3,0.16159068711970725
18.31,0.16152347207949072
18.32,0.16154200998473028
18.330000000000002,0.16143004608837525
18.34,0.16135134563237258
18.35,0.16123908567746095
18.36,0.1613188317715197
18.37,0.16123976755364997
18.38,0.16114945994715324
18.39,0.16121341491087895
18.400000000000002,0.16115377565040737
18.41,0.16107496268196445
18.42,0.16123294000947833
18.43,0.16125190309068732
18.44,0.1611510959941495
18.45,0.16106120135173513
18.46,0.16093729753877367
18.47,0.16083642132233839
18.48,0.1607690073770094
18.490000000000002,0.16079898379644234
18.5,0.16078429702383346
18.51,0.1607282110443244
18.52,0.160626774783384
18.53,0.16060100045517461
18.54,0.16052209926032085
18.55,0.16042122224541006
18.56,0.16029729855522323
18.57,0.1601398432611172
18.580000000000002,0.16009168560764148
18.59,0.16003578282025613
18.6,0.15992324958264242
18.61,0.1597770243806481
18.62,0.1596871202891042
18.63,0.15974006766829726
18.64,0.1597333625142387
18.650000000000002,0.1596957097678078
18.66,0.15962802878852095
18.67,0.15964759226607333
18.68,0.1597644143738272
18.69,0.15979527703673213
18.7,0.1596381463873627
18.71,0.15951460488141725
18.72,0.15939091112374426
18.73,0.15926785822552622
18.740000000000002,0.15932652646188322
18.75,0.15925879568582305
18.76,0.15916880302634143
18.77,0.15928646645990172
18.78,0.15915191414918833
18.79,0.15909293700856586
18.8,0.15898083505730393
18.81,0.15890221899713647
18.82,0.15907690629820587
18.830000000000002,0.15924890590229404
18.84,0.1591134005524692
18.85,0.15904584068054117
18.86,0.158921786737155
18.87,0.15890716239156313
18.88,0.1587947215163228
18.89,0.15867101412725218
18.900000000000002,0.15874680774129374
18.91,0.15866777561884376
18.92,0.15849902022925416
18.93,0.15874030815940376
18.94,0.15863887241962
18.95,0.15889122201818293
18.96,0.15893432770870924
18.97,0.15878800793357653
18.98,0.15884281207169543
18.990000000000002,0.1586731501292158
19.0,0.1586282645147256
19.01,0.158538084511534
19.02,0.15841486776347655
19.03,0.15831280624617788
19.04,0.15824439931081363
19.05,0.15812072563831508
19.06,0.1581256251770319
19.07,0.1580356242031041
19.080000000000002,0.15796817705096763
19.09,0.15781068106019663
19.1,0.15781932725877784
19.11,0.15771789612263568
19.12,0.15756023243625142
19.13,0.15744722652934712
19.14,0.15750083128619283
19.150000000000002,0.15741089988992626
19.16,0.15741018067174065
19.17,0.1572862345471659
19.18,0.1571282871192113
19.19,0.15706072835321616
19.2,0.15697029393798148
19.21,0.15680146985867652
19.22,0.1567003250306493
19.23,0.1567442947549919
19.240000000000002,0.15667645848793454
19.25,0.15655242272709063
19.26,0.15657328588622696
19.27,0.1568206259496117
19.28,0.15660568307273126
19.29,0.15673499986211087
19.3,0.15664468587570338
19.31,0.1565729975810707
19.32,0.15662825994768897
19.330000000000002,0.1565924931219329
19.34,0.15662452742640473
19.35,0.15652321338868053
19.36,0.1565666236792613
19.37,0.1564532664522919
19.38,0.156397075231575
19.39,0.15624985354564574
19.400000000000002,0.15614818357816723
19.41,0.15603499883549246
19.42,0.15596712938585988
19.43,0.1559220981285239
19.44,0.1558096765313376
19.45,0.15579379508888969
19.46,0.1557034402483958
19.47,0.15559081735075295
19.48,0.15547765103758393
19.490000000000002,0.15536534040292732
19.5,0.1552521986072876
19.51,0.15526237862221123
19.52,0.15517137848383963
19.53,0.1550584856830906
19.54,0.15505781092682608
19.55,0.1549780603259741
19.56,0.1548422183214714
19.57,0.15474069759357842
19.580000000000002,0.15468363421446638
19.59,0.1546050754365604
19.6,0.15445792958355023
19.61,0.1547700234190443
19.62,0.15458860487632986
19.63,0.15452042881728265
19.64,0.1545070314353895
19.650000000000002,0.1544733539590178
19.66,0.15437175909119763
19.67,0.15422385358616417
19.68,0.1542799639092018
19.69,0.1544110704866163
19.7,0.15434358101202483
19.71,0.15427484282570197
19.72,0.15434241726295161
19.73,0.15424045783835297
19.740000000000002,0.1541495679272615
19.75,0.1541380343815319
19.76,0.15423633378480034
19.77,0.1540777247113411
19.78,0.15407761864994973
19.79,0.1541116653910178
19.8,0.154009957233827
19.81,0.15393113152131047
19.82,0.15391622028774446
19.830000000000002,0.15391641503761852
19.84,0.15381378216409147
19.85,0.15371195130770035
19.86,0.15365564277725016
19.87,0.1535644134285176
19.88,0.15343892335353676
19.89,0.15340466852125245
19.900000000000002,0.15329135327661542
19.91,0.1531444323083368
19.92,0.15311081664643933
19.93,0.15296429672316086
19.94,0.15305509343717044
19.95,0.15300996326633404
19.96,0.152953054513253
19.97,0.15280527829940002
19.98,0.15288456546996837
19.990000000000002,0.15281641976910018
